Parafia	url	niedzielne	powszednie	debug_url
Warszawa. Bazylika archikatedralna św. Jana Chrzciciela na Starym Mieście | Archidiecezja Warszawska	http://www.katedra.mkw.pl	8:00, 9:30, 11:00 (suma), 12:30, 18:00, 19:00, 21:00	7:00, 7:30, 8:00, 19:00	http://archwwa.pl/parafie/warszawa-bazylika-archikatedralna-sw-jana-chrzciciela/
Warszawa. Opatrzności Bożej w Wilanowie | Archidiecezja Warszawska	http://parafiaopatrznoscibozej.pl/	8:00 (w Panteonie Wielkich Polaków), 9:00, 10:30 (dla dzieci), 12:00 (suma), 19:00, 20:30 (w Panteonie Wielkich Polaków)	7:00, 12:00, 18:00 odprawiane są w Panteonie Wielkich Polaków, z wyjątkiem Mszy w sobotę o godz. 12, która odprawiana jest w górnej świątyni	http://archwwa.pl/parafie/warszawa-opatrznosci-bozej-w-wilanowie/
Warszawa. Św. Stanisława Kostki na Żoliborzu | Archidiecezja Warszawska	http://www.popieluszko.net.pl	7:00, 8:30, 10:00, 11:30 (dla dzieci), 13:00, 18:00, 21:00	6:30 (poza wakacjami), 7:00, 8:00, 9:00, 15:00 (poza wakacjami i poza sobotą), 18:00	http://archwwa.pl/parafie/sw-stanislawa-kostki-na-zoliborzu/
Niepokalanów. Niepokalanego Poczęcia NMP | Archidiecezja Warszawska	http://www.parafia.niepokalanow.pl	6:00, 7:00, 8:30, 10:00, 11:30, 13:00, 16:00, 18:00 (od 1 X do 30 IV), 19:00 (od 1 V do 30 IX)	6:00, 7:00, 8:00, 9:00 (w sobotę), 10:00 (w sobotę), 11:00, 18:00, sobota g. 18.00 – kaplica św. Maksymiliana	http://archwwa.pl/parafie/niepokalanow-niepokalanego-poczecia-nmp/
Warszawa. Św. Andrzeja Boboli | Archidiecezja Warszawska	http://www.rakowiecka.jezuici.pl	7:00, 8:30, 10:00, 11:30,13:00,17:00, 19:30, 21:00	7:00, 7:30, 8:00, 8:30, 9:00, 12:00, 17:00 i 19:00	http://archwwa.pl/parafie/warszawa-sw-andrzeja-boboli-sanktuarium/
Lewiczyn. Św. Wojciecha BM i św. Marcina | Archidiecezja Warszawska	http://www.sanktuarium-lewiczyn.pl	9:00, 11:30, 17:00 (od października do Wielkanocy - godz. 16:00)	7:30 (poniedziałek, wtorek, w okresie letnim, od listopada do Wielkanocy), 8:00 (poniedziałek, wtorek, w okresie letnim, od listopada do Wielkanocy), 16:00 (od środy do soboty, od listopada do Wielkanocy), 16:30 (w październiku; od środy do soboty, od listopada do Wielkanocy), 17:00 (w październiku), 17:30 (w maju i czerwcu; od środy do soboty, w okresie letnim), 18:00 (w maju i czerwcu; od środy do soboty, w okresie letnim)	http://archwwa.pl/parafie/lewiczyn-sw-wojciecha-bm-i-sw-marcina/
Warszawa. Świętego Krzyża na Trakcie Królewskim | Archidiecezja Warszawska	http://www.swkrzyz.pl	6:00, 7:30, 9:00 (radiowa), 10:30 (dla dzieci), 10:30 (oprócz wakacji, dla przedszkolaków w dolnym kościele), 11:45, 12:15 (dla bierzmowanych w dolnym kościele), 13:00, 16:00, 19:00 (dla studentów w dolnym kościele), 19:00	6:00, 7:00, 7:30 (w kaplicy Matki Bożej), 8:00, 8:30 (oprócz wakacji, w kaplicy Matki Bożej), 9:00 (z homilią), 16:30 (oprócz wakacji, w kaplicy Matki Bożej), 17:00 (w kaplicy Matki Bożej), 18:00 (z homilią), 19:00 (w kaplicy Matki Bożej)	http://archwwa.pl/parafie/swietego-krzyza-na-trakcie-krolewskim-bazylika/
Warszawa. Miłosierdzia Bożego i św. Faustyny na Muranowie | Archidiecezja Warszawska	http://www.milosierdzie-faustyna.pl	8.00, 9.30, 11.00 (dla dzieci i rodziców), 12.30, 16.00, 18.00	7:00, 15:00 (w piątek), 18:00	http://archwwa.pl/parafie/warszawa-milosierdzia-bozego-i-sw-faustyny-na-muranowie/
Warszawa. Najświętszego Zbawiciela | Archidiecezja Warszawska	http://www.parafiazbawiciela.org	7:00, 8:30, 10:00, 11:30, 13:00, 15:00 (z koronką do Miłosierdzia, poza wakacjami), 18:30, 20:30 (akademicka)	6:30, 7:00, 7:30, 8:00, 9:00 (poza wakacjami), 15:00 (poza sobotą z koronką do Miłosierdzia), 17:00 (poza wakacjami), 18:30	http://archwwa.pl/parafie/warszawa-najswietszego-zbawiciela/
Warszawa. Św. Dominika | Archidiecezja Warszawska	http://www.sluzew.dominikanie.pl	7:00, 8:00, 9:30 (konwentualna), 11:00 (dla dzieci), 12:30, 14:00, 17:00, 18:30 (młodzieżowa), 20:15 (akademicka)	7:00, 8:00, 12:00, 18:00 (konwentualna), 19:30	http://archwwa.pl/parafie/warszawa-sw-dominika-na-sluzewie/
Warszawa. Wszystkich Świętych | Archidiecezja Warszawska	http://www.wszyscyswieci.pl	6:30, 8:00, 9:30, 11:00 (dla dzieci), 12:30, 18:30 (młodzieżowa)	6:30, 7:15, 8:00, 9:00, 17:00, 18:00    (w maju, w październiku i w Wielkim Poście zamiast 17 jest 16:30)	http://archwwa.pl/parafie/warszawa-wszystkich-swietych/
Grodzisk Mazowiecki. Św. Anny | Archidiecezja Warszawska	http://www.swietaanna.pl	7:00, 8:45, 10:00, 11:30, 11:30 (dla dzieci, w kaplicy), 12:45, 18:30, 20:00	7:00, 8:00, 17:30 (poza wakacjami), 18:30	http://archwwa.pl/parafie/grodzisk-mazowiecki-sw-anny/
Góra Kalwaria. Niepokalanego Poczęcia NMP | Archidiecezja Warszawska	http://www.gorakalwaria.marianie.pl	7:00, 8:30, 10:00, 11:30 (z udziałem dzieci), 13:00, 19:00	7:00, 8:00, 18:00	http://archwwa.pl/parafie/gora-kalwaria-niepokalanego-poczecia-nmp/
Adamowizna. Św. Matki Teresy z Kalkuty | Archidiecezja Warszawska	http://parafiaadamowizna.pl/	08:00, 10:00, 12:00 (dla dzieci), 18:00	18:00	http://archwwa.pl/parafie/adamowizna-bl-matki-teresy-z-kalkuty/
Babice. Wniebowzięcia NMP | Archidiecezja Warszawska	http://www.parafia-babice.pl	7:30, 9:30, 11:30, 16:00, 18:00	8:00, 18:00	http://archwwa.pl/parafie/babice-wniebowziecia-nmp/
Baniocha. NMP Królowej Pokoju | Archidiecezja Warszawska	http://www.parafiabaniocha.waw.pl	7:30, 9:00, 10:30, 12:00, 17:00	7:30, 17:00	http://archwwa.pl/parafie/baniocha-nmp-krolowej-pokoju/
Belsk. Świętej Trójcy | Archidiecezja Warszawska	http://parafiatrojcybelskduzy.pl/	9:00, 12:00, 16:00	8:00, 16:00	http://archwwa.pl/parafie/belsk-swietej-trojcy/
Blizne. Objawienia Pańskiego | Archidiecezja Warszawska	http://www.objawieniepanskie.waw.pl	9:00, 10:30, 12:00, 18:00	8:00, 18:00	http://archwwa.pl/parafie/blizne-objawienia-panskiego/
Błędów. Św. Prokopa Opata | Archidiecezja Warszawska	http://www.parafiabledow.pl	7:00, 9:00, 11:00	Zgodnie z planem intencji	http://archwwa.pl/parafie/bledow-sw-prokopa-opata/
Błonie. Narodzenia Pańskiego | Archidiecezja Warszawska	http://www.narodzenia-panskiego.mkw.pl	8:00, 10:00 (młodzieżowa), 11:30 (dla dzieci), 13:00 (suma), 18:00	7:00, 18:00	http://archwwa.pl/parafie/blonie-narodzenia-panskiego/
Błonie. Świętej Trójcy | Archidiecezja Warszawska	http://www.parafiaswtrojcywbloniu.pl/	7:00;  8:30;  10:00;  11:30;  13:00;  18:00; z udziałem dzieci i ich rodziców o 10:00  w kaplicy	 6:30;  7:30;  18:00	http://archwwa.pl/parafie/blonie-swietej-trojcy/
Boglewice. Przemienienia Pańskiego | Archidiecezja Warszawska		9:00, 11:00, 17:00 (dane niepotwierdzone)	17:00 (dane niepotwierdzone)	http://archwwa.pl/parafie/boglewice-przemienienia-panskiego/
Borzęcin. Św. Wincentego Ferreriusza | Archidiecezja Warszawska	http://www.swietywincenty.waw.pl	8:30, 10:00 (dla dzieci), 11:30, 16:00	17:30	http://archwwa.pl/parafie/borzecin-sw-wincentego-ferreriusza/
Bramki. Św. Maksymiliana Kolbego | Archidiecezja Warszawska	http://www.parafiabramki.waw.pl	7:00 (w DPS), 9:00, 12:00	7:00 (we wtorek, czwartek i sobotę), 18:00 (w poniedziałek, środę i piątek- okres letni, 17:00 w okresie zimowym)	http://archwwa.pl/parafie/bramki-sw-maksymiliana-kolbego/
Brwinów. Św. Floriana | Archidiecezja Warszawska	http://www.swflorian.com	7:00, 9:00, 10:30, 11:45 (dla dzieci), 13:00, 15:00 (Msza Trydencka), 18:00	7:00, 8:00, 18:00	http://archwwa.pl/parafie/brwinow-sw-floriana/
Buraków. Bł. Marceliny Darowskiej | Archidiecezja Warszawska	http://www.parafiawburakowie.pl	8:00, 10:00, 12:00, 18:00	6:45, 18:00 (poniedziałek, środa, piątek, sobota)	http://archwwa.pl/parafie/burakow-bl-marceliny-darowskiej/
Chylice. Św. Urszuli Ledóchowskiej | Archidiecezja Warszawska	http://www.parafiachylice.pl	8:00, 10:30, 12:00, 18:00	9:00, 18:00	http://archwwa.pl/parafie/chylice-sw-urszuli-ledochowskiej/
Chynów. Świętej Trójcy | Archidiecezja Warszawska	http://www.trojca-chynow.parafia.info.pl	od września do czerwca 8.00 9.30 11.00 12.30 i 18.00 (17.00 w okresie zimowym: od października do Wielkanocy)  w lipcu i w sierpniu 8.00 9.30 11.00 i 12.30	we wrześniu oraz od Wielkanocy do czerwca 8.30 i 18.00  od października do Adwentu oraz od lutego do Wielkanocy 8.30 i 17.00  w Adwencie 7.00 i 17.00 w styczniu od poniedziałku do piątku 8.30 w soboty 8.30 i 17.00  w lipcu i w sierpniu w poniedziałki, wtorki i środy 8.30 i 9.00 w czwartki, piątki i soboty 17.30 i 18.00	http://archwwa.pl/parafie/chynow-swietej-trojcy/
Cząstków. Matki Bożej Królowej Polski | Archidiecezja Warszawska		9:00, 11:00, 17:00) (dane niepotwierdzone)	17:00 (dane niepotwierdzone)	http://archwwa.pl/parafie/czastkow-matki-bozej-krolowej-polski/
Czersk. Przemienienia Pańskiego | Archidiecezja Warszawska		9:00, 11:00, 18:00 - dane niesprawdzone	8:00, 18:00 - dane niesprawdzone	http://archwwa.pl/parafie/czersk-przemienienia-panskiego/
Dąbrowa Leśna. Św. Marka Ewangelisty | Archidiecezja Warszawska	http://www.parafia-dabrowa.pl	9:00, 11:00 (dla dzieci), 18:00	18:00 (w czasie kolędy - godz. 8:00)	http://archwwa.pl/parafie/dabrowa-lesna-sw-marka-ewangelisty/
Dawidy. Św. Mateusza Ewangelisty | Archidiecezja Warszawska	http://www.swmateusz-dawidy.pl	8:00, 9:30, 11:30 (dla dzieci)	8:00 (wtorek, czwartek), 17:00 (poniedziałek, środa, piątek, sobota)	http://archwwa.pl/parafie/dawidy-sw-mateusza-ewangelisty/
Drwalew. Świętych Apostołów Piotra i Pawła | Archidiecezja Warszawska		9:00, 11:45, 17:00 - dane niesprawdzone	17:00 - dane niesprawdzone	http://archwwa.pl/parafie/drwalew-swietych-apostolow-piotra-i-pawla/
Dziekanów Leśny. Matki Bożej Królowej Rodzin | Archidiecezja Warszawska	http://www.parafiadziekanow.pl	8:30, 10:00, 11:30 (dla dzieci), 18:00	18:00	http://archwwa.pl/parafie/dziekanow-lesny-matki-bozej-krolowej-rodzin/
Głosków. MB Wspomożenia Wiernych | Archidiecezja Warszawska	http://www.gloskow.salezjanie.pl	07.30 – Godzinki, 08.00, 10.30 – Msza Św. dla dzieci 12.00 – Suma, 18.00	7:30, 18:00	http://archwwa.pl/parafie/gloskow-mb-wspomozenia-wiernych/
Górki Kampinoskie. Nawiedzenia NMP | Archidiecezja Warszawska		9:00, 10:30 (dane niepotwierdzone)	17:30 (dane niepotwierdzone)	http://archwwa.pl/parafie/gorki-kampinoskie-nawiedzenia-nmp/
Goszczyn. Św. Michała Archanioła | Archidiecezja Warszawska		8:30, 10:00, 12:00,  - dane niesprawdzone	7:00, 17:00 - dane niesprawdzone	http://archwwa.pl/parafie/goszczyn-sw-michala-archaniola/
Grodzisk Mazowiecki. Matki Bożej Nieustającej Pomocy | Archidiecezja Warszawska	http://www.mbnp.waw.pl	8:00, 10:00, 11:30 (dla rodzin z dziećmi), 13:00 (chrzty), 18:00	18:00, 19:00	http://archwwa.pl/parafie/grodzisk-mazowiecki-matki-bozej-nieustajacej-pomocy/
Grodzisk Mazowiecki. Miłosierdzia Bożego | Archidiecezja Warszawska	http://www.parafia-mb.csd.pl	8:00, 10:00 (młodzieżowa), 11:30 (dla dzieci), 13:00, 18:00	7:00, 18:00	http://archwwa.pl/parafie/grodzisk-mazowiecki-milosierdzia-bozego/
Grodzisk Mazowiecki. Przemienienia Pańskiego | Archidiecezja Warszawska	http://www.parafia-przemienienia-grodzisk.pl	8:00, 10:00, 12:00, 18:00	7:15, 18:00	http://archwwa.pl/parafie/grodzisk-mazowiecki-przemienienia-panskiego/
Grójec. Miłosierdzia Bożego | Archidiecezja Warszawska	http://www.milosierdzie.grojec.eu	7:30, 9:00, 10:30, 12:00 (dla dzieci), 17:00 (młodzieżowa)	7:00, 17:00	http://archwwa.pl/parafie/grojec-milosierdzia-bozego/
Grójec. Św. Mikołaja Biskupa | Archidiecezja Warszawska	http://www.mikolaj.grojec.eu	6:30, 8:00, 9:30, 11:00 (z udziałem dzieci), 12:30 (suma), 17:00 (z udziałem młodzieży), 19:00	6:30, 7:30, 18:00	http://archwwa.pl/parafie/grojec-sw-mikolaja-biskupa/
Iwiczna. Zesłania Ducha Świętego | Archidiecezja Warszawska	http://www.duchswiety.org	7:00, 8:30, 10:00, 11:30 (dla dzieci), 13:00 (suma), 16:00 (od października do maja), 18:00	18:00, 19:00 (poza wakacjami)	http://archwwa.pl/parafie/stara-iwiczna-zeslania-ducha-swietego/
Izabelin. Św. Franciszka z Asyżu | Archidiecezja Warszawska	http://www.swfranciszek.pl	8:30 10:00 11:30 (z udziałem dzieci) 12:45 (suma) 18:00 (z udziałem młodzieży)	8:00 (w Adwencie Roraty o godz. 7:00) 18:00	http://archwwa.pl/parafie/izabelin-sw-franciszka-z-asyzu/
Izdebno. Św. Michała Archanioła | Archidiecezja Warszawska	http://www.swmichalarch.pl	9:00, 11:30	18:00	http://archwwa.pl/parafie/izdebno-sw-michala-archaniola/
Jasieniec. Św. Rocha | Archidiecezja Warszawska	http://www.parafia-jasieniec.pl	8.00, 9.30, 12.00, 17.00	7.00, 17.00	http://archwwa.pl/parafie/jasieniec-sw-rocha/
Jazgarzew. Św. Rocha | Archidiecezja Warszawska	http://www.parafiajazgarzew.pl	7:30, 9:15 (młodzieżowa), 11:45 (dla dzieci), 18:00	18:00	http://archwwa.pl/parafie/jazgarzew-sw-rocha/
Jeziórka. Przemienienia Pańskiego | Archidiecezja Warszawska	http://www.parafia-jeziorka.pl	9:00, 11:30, 16:00	7:00 (poniedziałek, wtorek, środa), 17:00 (czwartek, piątek, sobota), a w okresie letnim 18:00	http://archwwa.pl/parafie/jeziorka-przemienienia-panskiego/
Józefosław. Św. Józefa Opiekuna Pracy | Archidiecezja Warszawska	http://www.parafia-jozefoslaw.pl/strona-glowna/	8:00, 9:30, 11:00, 12:30, 18:00	8:00, 18:00 (w styczniu i lutym 17.00, roraty 6.30)	http://archwwa.pl/parafie/jozefoslaw-sw-jozefa-opiekuna-pracy/
Kamionka. Świętej Rodziny | Archidiecezja Warszawska	http://www.swieta-rodzina.pl	7:30. 9:00, 10:30, 12:00, 16:00, 18:00	17:00	http://archwwa.pl/parafie/kamionka-swietej-rodziny/
Kampinos. Wniebowzięcia NMP | Archidiecezja Warszawska	http://www.parafiakampinos.pl	8:00, 10:00, 12:00	8:00 (poza środą), 17:00 (w dni powszednie w maju, czerwcu i październiku, przez cały rok w środę)	http://archwwa.pl/parafie/kampinos-wniebowziecia-nmp/
Kaski. Świętych Apostołów Piotra i Pawła | Archidiecezja Warszawska		8.00, 9.30, 12.00	8.00 lub 18.00 (zimą godz. 17.00)	http://archwwa.pl/parafie/kaski-swietych-apostolow-piotra-i-pawla/
Kazuń. Matki Bożej Szkaplerznej | Archidiecezja Warszawska	http://www.parafiakazun.pl	7:30, 8:45 (kaplica Podwyższenia Krzyża Świętego w Małocicach), 10:30, 12:00 (suma)	17:00	http://archwwa.pl/parafie/kazun-matki-bozej-szkaplerznej/
Kędzierówka. Św. Jana Chrzciciela | Archidiecezja Warszawska		9:00, 10:30, 12:00 (poza wakacjami), 18:00 - dane niesprawdzone	18:00	http://archwwa.pl/parafie/kedzierowka-sw-jana-chrzciciela/
Komorów. Narodzenia NMP | Archidiecezja Warszawska	http://komorow.mkw.pl	8:00, 9:30, 9:30 (młodzieżowa, Dolny Kościół, od października do maja), 11:00, 11:00 (dla dzieci, Dolny Kościół, od października do maja), 12:30 (poza wakacjami), 18:00	7:00, 18:00	http://archwwa.pl/parafie/komorow-narodzenia-nmp/
Konary. Świętej Trójcy | Archidiecezja Warszawska		9:00, 12:00 (dane niepotwierdzone)	7:00 (w okresie zimowym - g. 8:00) (dane niepotwierdzone)	http://archwwa.pl/parafie/konary-swietej-trojcy/
Konstancin-Jeziorna. Matki Bożej Anielskiej w Skolimowie | Archidiecezja Warszawska	http://www.mbanielska.mkw.pl	7:30, 9:00, 10:30, 12:00 , 18:00	7:00, 18:00	http://archwwa.pl/parafie/konstancin-jeziorna-matki-bozej-anielskiej-w-skolimowie/
Konstancin-Jeziorna. Św. Józefa Oblubieńca NMP (Mirków) | Archidiecezja Warszawska	http://www.swjozef.net	8:30, 10:30, 12:00 (dla dzieci), 18:00	7:00, 18:00	http://archwwa.pl/parafie/konstancin-jeziorna-sw-jozefa-oblubienca-nmp-mirkow/
Konstancin-Jeziorna. Świętej Bożej Rodzicielki Maryi w Klarysewie | Archidiecezja Warszawska	http://www.parafiaklarysew.waw.pl	8:00, 10:00, 12:00, 18:00	18:00	http://archwwa.pl/parafie/konstancin-jeziorna-swietej-bozej-rodzicielki-maryi-w-klarysewie/
Konstancin-Jeziorna. Wniebowzięcia NMP | Archidiecezja Warszawska	http://wniebowziecie.pl	7:00, 8:30, 10:00, 11:30, 13:00, 18:30	7:00, 18:30, 17:30 (oprócz czasu wizyty duszpasterskiej)	http://archwwa.pl/parafie/konstancin-jeziorna-wniebowziecia-nmp/
Kostowiec. NMP Wspomożenia Wiernych | Archidiecezja Warszawska	http://www.parafiakostowiec.pl	7:30 (w kaplicy u Sióstr Rodziny Maryi), 9:30 (dla dzieci), 12:00	7:00 (od poniedziałku do piątku, w kaplicy u Sióstr Rodziny Maryi), 7:30 (sobota, w kaplicy u Sióstr Rodziny Maryi), 18:00	http://archwwa.pl/parafie/kostowiec-nmp-wspomozenia-wiernych/
Książenice. Św. Jana Marii Vianneya | Archidiecezja Warszawska	http://www.ksiazenice.parafia.info.pl/	8:00 (poza wakacjami), 10:00 (poza wakacjami dla dzieci), 12:00 (poza wakacjami suma), w wakacje - 9, 11	18:00 (we wtorek o godz. 8:00) - patrz na stronę parafii	http://archwwa.pl/parafie/ksiazenice-sw-jana-marii-vianneya/
Kuklówka. Matki Bożej Częstochowskiej | Archidiecezja Warszawska	http://www.parafiakuklowka.pl	8:00, 10:00, 11:30, 18:00	7:00, 18:00	http://archwwa.pl/parafie/kuklowka-matki-bozej-czestochowskiej/
Laski Warszawskie. Matki Bożej Królowej Meksyku | Archidiecezja Warszawska	http://www.parafiawlaskach.pl	9:00, 10:30, 12:00, 19:00	7:00, 18:30	http://archwwa.pl/parafie/laski-warszawskie-matki-bozej-krolowej-meksyku/
Leoncin. Św. Małgorzaty DM | Archidiecezja Warszawska		8:45, 12:00, 17:00	17:30, 18:00 (w maju, czerwcu i październiku msze o godz. 17.00 i 18.00)	http://archwwa.pl/parafie/leoncin-sw-malgorzaty-dm/
Leśna Polana. Matki Bożej Królowej Polski | Archidiecezja Warszawska	http://www.par.lesnapolana.ns48.pl	9:00, 11:30, 18:00	8:00 (wtorek, czwartek), 18:00 (poniedziałek, środa, piątek, sobota)	http://archwwa.pl/parafie/lesna-polana-matki-bozej-krolowej-polski/
Leszno. Narodzenia Św. Jana Chrzciciela | Archidiecezja Warszawska	http://www.parafialeszno.pl/	7:30, 9:00, 10:30, 12:00 i 18:00  (w lipcu i sierpniu nie ma o 10:30 )	7:00, 18:00	http://archwwa.pl/parafie/leszno-narodzenia-sw-jana-chrzciciela/
Lesznowola. Bł. Honorata Koźmińskiego | Archidiecezja Warszawska	http://www.parafia-lesznowola.pl/	9:00, 11:00, 16:00	19:00 (od października do Niedzieli Bożego Miłosierdzia - godz. 17:00)	http://archwwa.pl/parafie/lesznowola-bl-honorata-kozminskiego/
Lipie. Trójcy Przenajświętszej | Archidiecezja Warszawska		9:00, 11:30, 16:00 - dane niesprawdzone	18:00 (w okresie zimowym - godz. 16:00) - dane niesprawdzone	http://archwwa.pl/parafie/lipie-swietej-trojcy/
Lipków. Św. Rocha | Archidiecezja Warszawska	http://www.swroch-lipkow.pl	8:30, 10:00, 11:30 (dla dzieci), 13:00 (suma),  17.00, a od maja do sierpnia o 18:30	18:00	http://archwwa.pl/parafie/lipkow-sw-rocha/
Łaźniew. Św. Antoniego z Padwy | Archidiecezja Warszawska		7:30, 10:00, 12:00, 17:00 (dane niepotwierdzone)	17:00 (w wakacje o godz. 18:00) (dane niepotwierdzone)	http://archwwa.pl/parafie/lazniew-sw-antoniego-z-padwy/
Łęczeszyce. Św. Jana Chrzciciela | Archidiecezja Warszawska	http://www.leczeszyce.paulini.pl	9:00, 11:00, 18:00 (w okresie zimowym - godz. 17:00)	18:00 (w okresie zimowym - godz. 17:00)	http://archwwa.pl/parafie/leczeszyce-sw-jana-chrzciciela/
Łomianki. Św. Małgorzaty DM | Archidiecezja Warszawska	http://www.parafialomianki.pl	7:00, 8:30, 10:00 (suma), 10:00 (młodzieżowa, Kościół dolny), 11:30 (dla dzieci), 13:00, 18:00	7:00, 7:30 (poza wakacjami), 17:00, 18:00	http://archwwa.pl/parafie/lomianki-sw-malgorzaty-dm/
Łomna. Św. Mikołaja Biskupa | Archidiecezja Warszawska	http://www.parafia.lomna.pl	7:30, 9:00, 11:00 (dla dzieci), 12:30 (suma), 18:00 (młodzieżowa, w okresie zimowym - godz. 17:00)	6:00 (gdy nie ma intencji wieczornej), 18:00	http://archwwa.pl/parafie/lomna-sw-mikolaja-biskupa/
Magdalenka. Św. Marii Magdaleny | Archidiecezja Warszawska	http://www.parafia-magdalenka.pl	8:30 (w wakacje - godz. 8:00), 10:00 (Lesznowola, w wakacje - godz. 9:30), 11:00, 12:30 (poza wakacjami), 18:00	7:00 (w wakacje - godz. 9:00), 18:00	http://archwwa.pl/parafie/magdalenka-sw-marii-magdaleny/
Michalczew. Świętej Rodziny | Archidiecezja Warszawska	http://www.parafia-michalczew.pl	7:30, 9:30, 12:00	Zgodnie z planem intencji.	http://archwwa.pl/parafie/michalczew-swietej-rodziny/
Michałowice-Opacz. Wniebowzięcia NMP | Archidiecezja Warszawska	http://www.michalowiceopacz.pl	8:00, 9:30, 11:00 (dla dzieci), 12:30, 18:00	7:00, 18:00	http://archwwa.pl/parafie/michalowice-opacz-wniebowziecia-nmp/
Michałowice. Wszystkich Świętych | Archidiecezja Warszawska		9:00, 11:00 - dane niesprawdzone	Zgodnie z planem intencji	http://archwwa.pl/parafie/michalowice-wszystkich-swietych/
Milanówek. Matki Bożej Bolesnej | Archidiecezja Warszawska	http://www.parafiambbmilanowek.pl	7:30 9:00 11:00 12:30 18:00	7:00 18:00	http://archwwa.pl/parafie/milanowek-matki-bozej-bolesnej/
Milanówek. Św. Jadwigi Śląskiej | Archidiecezja Warszawska	http://www.milanowekswjadwiga.pl	7:00, 8:30, 10:00, 11:15, 12:30, 18:00	7:00, 8:00, 18:00	http://archwwa.pl/parafie/milanowek-sw-jadwigi-slaskiej/
Młochów. Św. Michała Archanioła | Archidiecezja Warszawska	http://www.mlochow.michalici.ns48.pl	7:00 (poza wakacjami), 9:00, 10:30 (dla dzieci), 12:00 (Wólka Kosowska), 18:00	18:00	http://archwwa.pl/parafie/mlochow-sw-michala-archaniola/
Mogielnica. Św. Floriana M | Archidiecezja Warszawska	http://www.parafiamogielnica.pl	7:30, 9:00 (dla dzieci), 10:15 (młodzieżowa), 12:00 (suma), 18:00 (w okresie zimowym - g. 17:00)	7:00, 18:00 (w okresie zimowym - g. 17:00)	http://archwwa.pl/parafie/mogielnica-sw-floriana-m/
Mroków. Św. Stanisława Kostki | Archidiecezja Warszawska	http://www.parafiamrokow.pl	8:00, 10:00, 12:00	18:00 (w okresie zimowym - godz. 17:00)	http://archwwa.pl/parafie/mrokow-sw-stanislawa-kostki/
Nadarzyn. Św. Klemensa PM | Archidiecezja Warszawska	http://www.parafianadarzyn.pl	8:00, 9:00, 10:30 (młodzieżowa), 12:00 (dla dzieci), 17:00, 20:00	7:00, 18:00	http://archwwa.pl/parafie/nadarzyn-sw-klemensa-pm/
Nowa Wieś. Św. Izydora Oracza | Archidiecezja Warszawska	http://www.parafiaizydoraoracza.pl	9:00, 13:00	Zgodnie z planem intencji.	http://archwwa.pl/parafie/nowa-wies-sw-izydora-oracza/
Ojrzanów. Zwiastowania NMP | Archidiecezja Warszawska	http://www.parafia-ojrzanow.pl	9:00, 10:30 (Kaplica), 12:00	Poniedziałek, Środa, Piątek: 16:00; Wtorek, Czwartek, Sobota: 7:00- od maja do września o 7.30 w kościele	http://archwwa.pl/parafie/ojrzanow-zwiastowania-nmp/
Ołtarzew. NMP Królowej Apostołów | Archidiecezja Warszawska	http://www.parafia-oltarzew.pl	7:30, 9:00, 10:30, 12:00, 18:00	7:00, 18:30	http://archwwa.pl/parafie/oltarzew-nmp-krolowej-apostolow/
Ostrołęka n. Pilicą. Ofiarowania NMP | Archidiecezja Warszawska		9:00, 12:00		http://archwwa.pl/parafie/ostroleka-n-pilica-ofiarowania-nmp/
Otrębusy. NMP Matki Kościoła | Archidiecezja Warszawska	http://www.parafia-otrebusy.mkw.pl	7:00, 9:00, 11:00, 12:30 (dla dzieci, poza wakacjami), 18:00 (młodzieżowa)	7:00, 18:00	http://archwwa.pl/parafie/otrebusy-nmp-matki-kosciola/
Ożarów. Miłosierdzia Bożego | Archidiecezja Warszawska	http://sanktuariummilosierdzia.pl/	7.00, 9.00, 10.30 (dzieci), 12.00 (chrzty II i IV niedziela miesiąca), 15.00 (z Koronką do Miłosierdzia Bożego), 18.00, 20.00 (młodzież)	7.00, 15.00 z Koronką do Miłosierdzia Bożego, 18.00.	http://archwwa.pl/parafie/ozarow-milosierdzia-bozego/
Pawłowice. Św. Bartłomieja Apostoła | Archidiecezja Warszawska	http://www.parafiapawlowice.waw.pl	9:00, 11:30	8:00 (wtorek, czwartek, sobota), 18:00 (poniedziałek, środa, piątek)	http://archwwa.pl/parafie/pawlowice-sw-bartlomieja-apostola/
Pęcice. Świętych Apostołów Piotra i Pawła | Archidiecezja Warszawska	http://www.parafiapecice.michalowice.pl	9:00, 11:00, 16:00	Zgodnie z planem intencji.	http://archwwa.pl/parafie/pecice-swietych-apostolow-piotra-i-pawla/
Piaseczno (dawnej Zalesie Dolne). NMP Wspomożenia Wiernych | Archidiecezja Warszawska	http://wp.zalesiedolne.pl/	7:00, 8:30, 10:00, 11:30, 13:00, 18:00	7:00, 8:00, 18:30	http://archwwa.pl/parafie/zalesie-dolne-nmp-wspomozenia-wiernych/
Piaseczno. Matki Bożej Różańcowej | Archidiecezja Warszawska	http://www.parafia-mbr.neostrada.pl	7:00, 8:00, 10:00, 11:30, 13:00, 18:00, 19:30 (od listopada do marca - godz. 16:00)	7:00, 18:00	http://archwwa.pl/parafie/piaseczno-matki-bozej-rozancowej/
Piaseczno. Św. Anny | Archidiecezja Warszawska	http://www.sw-anna.pl	7:00, 8:30, 10:00 (suma), 11:30 (dla dzieci przedszkolnych, Dom Parafialny, poza wakacjami), 11:30 (dla dzieci szkolnych, Kościół), 13:00, 18:30 (młodzieżowa), 20:00 (młodzieżowa)	6:30, 8:00, 18:30	http://archwwa.pl/parafie/piaseczno-sw-anny/
Piastów. Chrystusa Króla Wszechświata | Archidiecezja Warszawska	http://www.parafia.piastow.pl	8:00, 10:00, 11:30, 13:00 (poza wakacjami), 18:00 (w wakacje - godz. 19:00)	7:00, 18:00	http://archwwa.pl/parafie/piastow-chrystusa-krola-wszechswiata/
Piastów. Matki Bożej Częstochowskiej | Archidiecezja Warszawska		7:00, 8:30, 10:00, 11:30 (dla dzieci), 13:00 (suma, poza wakacjami), 18:00 (młodzieżowa, w wakacje o godz. 19:00)	7:00, 8:00, 18:00	http://archwwa.pl/parafie/piastow-matki-bozej-czestochowskiej/
Piastów. Św. Michala Archanioła | Archidiecezja Warszawska	http://parafia-piastow.sds.pl/	7:30, 9:30, 11:00 (z udziałem dzieci), 12:30, 18:00 (dla młodzieży)	7:30, 18:00	http://archwwa.pl/parafie/piastow-sw-michala-archaniola/
Pieczyska. Narodzenia NMP | Archidiecezja Warszawska	http://www.pieczyska.parafia.info.pl	8:00, 9:30, 11:30	7:00 (poniedziałek, wtorek, czwartek), 18:00 (środa, piątek, sobota; od października do marca o godz. 17:00)	http://archwwa.pl/parafie/pieczyska-narodzenia-nmp/
Płochocin. Św. Wojciecha BM | Archidiecezja Warszawska	http://www.parafiaswwojciecha.pl	8:00, 10:00, 12:00, 18:00	8:00 (poza wakacjami), 18:00	http://archwwa.pl/parafie/plochocin-sw-wojciecha-bm/
Podkowa Leśna. Św. Krzysztofa | Archidiecezja Warszawska	http://www.podkowalesna.com	7:30, 9:30, 11:00, 13:00, 18:00	7:00, 18:00	http://archwwa.pl/parafie/podkowa-lesna-sw-krzysztofa/
Prażmów. Św. Fanciszka z Asyżu | Archidiecezja Warszawska	http://www.parafia.prazmow.pl	8:00, 9:30, 11:30, 18:00	18:00 (w okresie zimowym - godz. 17:00)	http://archwwa.pl/parafie/prazmow-sw-franciszka-z-asyzu/
Promna. Św. Marii Magdaleny | Archidiecezja Warszawska		8:00, 10:00, 12:00, 16:00	18:00	http://archwwa.pl/parafie/promna-sw-marii-magdaleny/
Pruszków. Matki Bożej Nieustającej Pomocy | Archidiecezja Warszawska	http://www.parafia.pruszkow.pl	8:00, 10:30, 12:00, 18:00	7:00, 18:00	http://archwwa.pl/parafie/pruszkow-matki-bozej-nieustajacej-pomocy/
Pruszków. Niepokalanego Poczęcia NMP | Archidiecezja Warszawska	http://www.parafia-zbikow.pl	7:00, 8:30, 10:00 (młodzieżowa), 11:15 (dla dzieci), 12:30 (suma), 18:00	7:00, 18:00	http://archwwa.pl/parafie/pruszkow-niepokalanego-poczecia-nmp/
Pruszków. Św. Edwarda w Tworkach | Archidiecezja Warszawska	http://www.swedward.com.pl	8:00, 9:30, 11:00 (suma), 12:30 (dla dzieci, poza wakacjami), 18:00 (w wakacje - godz. 20:00)	7:30, 18:00	http://archwwa.pl/parafie/pruszkow-sw-edwarda-w-tworkach/
Pruszków. Św. Józefa Oblubieńca NMP na Osiedlu Staszica | Archidiecezja Warszawska	http://www.sw-jozef.pl	7:00, 8:30, 10:00, 11:30 (dla dzieci), 13:00, 18:00 (poza wakacjami), 19:30	7:00, 7:30 (poza wakacjami), 8:00, 18:00, 19:00	http://archwwa.pl/parafie/pruszkow-sw-jozefa-oblubienca-nmp-na-osiedlu-staszica/
Pruszków. Św. Kazimierza | Archidiecezja Warszawska	http://www.swkazimierz.mkw.pl	6:00, 7:30, 9:00, 10:30 (dla dzieci), 12:00 (suma), 13:15, 18:00 (poza wakacjami)	6:30, 7:00 (poza wakacjami), 8:00, 17:30 (poza wakacjami i oprócz czasu wizyt duszpasterskich),  godz. 18:00	http://archwwa.pl/parafie/pruszkow-sw-kazimierza/
Przybyszew. Świętych Apostołów Piotra i Pawła | Archidiecezja Warszawska	http://parafiaprzybyszew.w.interiowo.pl/index.htm	8:00, 9:30, 12:00 - dane niesprawdzone	7:00, 17:00 - dane niesprawdzone	http://archwwa.pl/parafie/przybyszew-swietych-apostolow-piotra-i-pawla/
Przypki. Najświętszego Serca Pana Jezusa | Archidiecezja Warszawska	http://www.parafiaprzypki.pl	9:00; 11;00	pn, wt, śr - 8:00; czw, pt, so - 18:00	http://archwwa.pl/parafie/przypki-najswietszego-serca-pana-jezusa/
Raszyn św. Szczepana | Archidiecezja Warszawska	http://www.swszczepan.pl	7:00, 8:30, 10:00 (młodzieżowa), 10:00 (poza wakacjami, dla dzieci, Dolny Kościół), 11:30 (szkoła podstawowa), 13:00 (poza wakacjami), 18:00, 20:30	6:30, 8:00, 18:00	http://archwwa.pl/parafie/raszyn-sw-szczepana/
Rembertów Grójecki. Św. Jana Chrzciciela | Archidiecezja Warszawska	http://www.swjanrembertow.ns48.pl	7:30, 9:45, 12:00, 16:00 (poza wakacjami)	7:00, 18:00 (patrz strona internetowa parafii)	http://archwwa.pl/parafie/rembertow-grojecki-sw-jana-chrzciciela/
Rokitno. Wniebowzięcia NMP | Archidiecezja Warszawska	http://www.sanktuariumrokitno.pl/	9:00, 11:30, 16:30	16:30	http://archwwa.pl/parafie/rokitno-wniebowziecia-nmp/
Rososz. Narodzenia NMP | Archidiecezja Warszawska	http://parafianarodzenianmp.wordpress.com	9:00, 11:00	poniedziałek i czwartek – godz. 700, – wtorek, środa, piątek, sobota -  8 (czas letni)  17 (czas zimowy)	http://archwwa.pl/parafie/rososz-narodzenia-nmp/
Rybie. Św. Bartłomieja Apostoła | Archidiecezja Warszawska	http://www.rybie.pl	7:00, 9,00, 10:30 (dla dzieci), 12:00, 18:00	7:00, 18:00	http://archwwa.pl/parafie/rybie-sw-bartlomieja-apostola/
Secymin. Narodzenia NMP | Archidiecezja Warszawska		9:00, 11:30, 18:00 (w okresie zimowym - godz. 17:00) (dane niepotwierdzone)	18:00 (w okresie zimowym - godz. 17:00) (dane niepotwierdzone)	http://archwwa.pl/parafie/secymin-narodzenia-nmp/
Sękocin. Św. Faustyny Kowalskiej | Archidiecezja Warszawska	http://www.parafia.sekocin.pl	9:00, 11:00, 17:00	17:00	http://archwwa.pl/parafie/sekocin-sw-faustyny-kowalskiej/
Słomczyn. Św. Zygmunta | Archidiecezja Warszawska	http://www.swzygmunt.knc.pl	8:45, 10:30, 12:00, 18:00	7:30, 18:00	http://archwwa.pl/parafie/slomczyn-sw-zygmunta/
Sobików. Św. Stanisława BM | Archidiecezja Warszawska	http://sobikow.parafia.info.pl/	8:30 (kaplica w Czachówku), 10:00, 12:00, 13:15 (poza wakacjami)	18:00 (w okresie zimowym o godz. 17:00)	http://archwwa.pl/parafie/sobikow-sw-stanislawa-bm/
Tarczyn. Św. Mikołaja BM | Archidiecezja Warszawska	http://www.parafia-tarczyn.pl	7:30, 9:30, 11:00, 12:30, 18:00	7:30, 17:00, 18:00	http://archwwa.pl/parafie/tarczyn-sw-mikolaja-bm/
Warka. Matki Bożej Szkaplerznej | Archidiecezja Warszawska	http://www.matkaboza-warka.pl	7:00, 9:00, 10:30, 12:00, 18:00	7:00, 18:00	http://archwwa.pl/parafie/warka-matki-bozej-szkaplerznej/
Warka. Św. Mikołaja Biskupa | Archidiecezja Warszawska	http://mikolajwarka.pl/	7:00, 9:30, 11:30, 13:00, 17:00 (dane niepotwierdzone)	7:00, 7:30 (poza wakacjami), 17:00 (dane niepotwierdzone)	http://archwwa.pl/parafie/warka-sw-mikolaja-biskupa/
Warszawa. Bł. Edmunda Bojanowskiego | Archidiecezja Warszawska	http://www.bojanowski.org	8:00, 10:00, 11:15 (poza wakacjami dla dzieci), 12:30 (poza wakacjami), 12 (tylko w wakacje), 18:00	6:45, 18:00	http://archwwa.pl/parafie/warszawa-bl-edmunda-bojanowskiego-na-wolicy/
Warszawa. Bł. Edwarda Detkensa | Archidiecezja Warszawska	http://www.lasbielanski.pl	11:00 (suma), 13:00 (oprócz lipca)	12:00 (oprócz wakacji)	http://archwwa.pl/parafie/warszawa-bl-edwarda-detkensa/
Warszawa. Bł. Władysława z Gielniowa | Archidiecezja Warszawska	http://www.blwlad.org.pl	7.00, 9.00, 10.30, 12.00, 13:15, 18:00 (młodzieżowa), 20:00	7:00, 7:30, 18:00, 19:00 (w soboty 18:00 - liturgia niedzielna)	http://archwwa.pl/parafie/warszawa-bl-wladyslawa-z-gielniowa-w-natolinie/
Warszawa. Bogurodzicy Maryi | Archidiecezja Warszawska	http://www.bogurodzica.com.pl	7:00, 8:30, 10:00 (dla młodzieży), 11:30 (dla dzieci), 13:00, 18:00, 19:30 (dla studentów)	7:00, 8:00, 18:00, 19:00	http://archwwa.pl/parafie/warszawa-bogurodzicy-maryi/
Warszawa. Dobrego Pasterza na Ulrychowie | Archidiecezja Warszawska	http://www.dobrypasterz.waw.pl	7:00, 8:30, 10:00, 11:30 (dla dzieci), 13:00, 17:00 (poza wakacjami), 19:00 (akademicka)	6:30 (poza wakacjami), 7:00, 8:00, 9:00, 18:00 (poza wakacjami), 19:00	http://archwwa.pl/parafie/warszawa-dobrego-pasterza-na-ulrychowie/
Warszawa. Dzieciątka Jezus na Żoliborzu | Archidiecezja Warszawska	http://www.dzieciatko-jezus.pl	8:00, 9:15, 10:30, 11:45 (dla dzieci), 13:00, 18:00	7:00 (poza wakacjami), 8:00 (poza wakacjami), 7:30 (tylko w wakacje), 18:00	http://archwwa.pl/parafie/warszawa-dzieciatka-jezus-na-zoliborzu/
Warszawa. Matki Bożej Anielskiej | Archidiecezja Warszawska	http://www.franciszkanie-mokotow.pl	7.00, 8.00, 9.30, 11.00 (z udziałem dzieci), 12.30 (suma parafialna), 17.00, 18.30	7.00, 8.00, 9.00, 18.30	http://archwwa.pl/parafie/warszawa-matki-bozej-anielskiej/
Warszawa. Matki Bożej Częstochowskiej | Archidiecezja Warszawska	http://matkabozaczestochowska.pl/	7:00, 9:00, 10:00, 11:30 (z udziałem dzieci), 13:00, 17:00 (młodzieżowa)	7:00, 7:30 (poza wakacjami), 18:00	http://archwwa.pl/parafie/warszawa-matki-bozej-czestochowskiej/
Warszawa. Matki Bożej Fatimskiej | Archidiecezja Warszawska	http://www.smbfat.pl	7:30, 9:00, 10:30, 12:00, 18:00, 19:30	7:00, 7:30, 8:00 (poza wakacjami), 18:00	http://archwwa.pl/parafie/warszawa-matki-bozej-fatimskiej/
Warszawa. Matki Bożej Królowej Aniołów | Archidiecezja Warszawska	http://www.parafia-bemowo.waw.pl/	7:00, 8:30, 10:00 (młodzieżowa), 10:00 (Kaplica), 11:30 (suma), 11:30 (dla dzieci - Kaplica), 13:00, 13:00 (chrzcielna - Kaplica), 18:00, 20:00 (akademicka)	6:15, 7:00, 8:00, 18:00	http://archwwa.pl/parafie/warszawa-matki-bozej-krolowej-aniolow/
Warszawa. Matki Bożej Królowej Pokoju | Archidiecezja Warszawska	http://www.mlociny.mkw.pl	9:00, 10:30 (dla dzieci), 12:00, 18:00, 19:30 (młodzieżowa)	7:00, 18:00	http://archwwa.pl/parafie/warszawa-matki-bozej-krolowej-pokoju/
Warszawa. Matki Bożej Królowej Polski na Marymoncie | Archidiecezja Warszawska	http://www.parafia-marymont.pl	7:00, 8:30, 10:00, 11:30 (z udziałem dzieci), 13:00, 18:00	7:00, 8:00, 12:00 (poza wakacjami), 18:00	http://archwwa.pl/parafie/matki-bozej-krolowej-polski-na-marymoncie/
Warszawa. Matki Bożej Ostrobramskiej | Archidiecezja Warszawska	http://www.boernerowo.pl	7:30, 9:00, 10:30, 12:00 (dla dzieci), 13:00 (poza wakacjami), 18:00 (akademicka)	7:00, 18:00	http://archwwa.pl/parafie/warszawa-matki-bozej-ostrobramskiej/
Warszawa. Matki Bożej Saletyńskiej | Archidiecezja Warszawska	http://www.warszawa.saletyni.pl	7:00, 8:00, 9:30, 11:00, 12:30, 19:30	7:00, 18:00	http://archwwa.pl/parafie/warszawa-matki-bozej-saletynskiej/
Warszawa. Matki Bożej Wspomożycielki Wiernych | Archidiecezja Warszawska	http://www.wspomozycielka.waw.pl	7:00, 8:30, 10:00, 11:30 (poza wakacjami - dla dzieci), 13:00, 18:00 (młodzieżowa)	Pon-pt: 6:30, 8:00, 17 (w okresie zimowym) 18:00, 19:15 (w okresie letnim);    Sob: 6:30, 8:00, 18:00	http://archwwa.pl/parafie/warszawa-matki-bozej-wspomozycielki-wiernych/
Warszawa. Najświętszego Ciała i Krwi Chrystusa | Archidiecezja Warszawska	http://www.bozecialo.waw.pl/	7:30, 9:00, 10:30, 12:00, 18:00	8:00, 15:00 (poza wakacjami), 18:00	http://archwwa.pl/parafie/warszawa-najswietszego-ciala-i-krwi-chrystusa/
Warszawa. Najświętszego Serca Pana Jezusa | Archidiecezja Warszawska	http://www.nspj.pl	8:00, 10:00, 12:00, 18:00	7:00, 18:00	http://archwwa.pl/parafie/warszawa-najswietszego-serca-pana-jezusa/
Warszawa. Narodzenia NMP na Lesznie | Archidiecezja Warszawska	http://www.narodzenienmp.waw.pl	7:30, 9:00, 10:30 ( z udziałem dzieci), 12:00 ( w języku angielskim), 13:30 (suma) i 18:00 ( studencka)	7:00, 8:00, 18:00	http://archwwa.pl/parafie/warszawa-narodzenia-nmp-na-lesznie/
Warszawa. Nawiedzenia NMP na Nowym Mieście | Archidiecezja Warszawska	http://www.przyrynek.waw.pl	8:30, 9:30, 11:00 (dla dzieci), 12:00, 18:30	7:00, 15:00 (od pon-pt; Msza poprzedzona Koronką do Bożego Miłosierdzia), 18:30	http://archwwa.pl/parafie/warszawa-nawiedzenia-nmp-na-nowym-miescie/
Warszawa. Niepokalanego Poczęcia NMP | Archidiecezja Warszawska	http://www.parafia-wrzeciono.pl	7:00, 8:30, 10:00, 11:30 (dla dzieci), 13:00 (poza wakacjami), 18:00 (młodzieżowa), 20:00 (dla studentów, poza wakacjami),	6:30, 7:15, 15.00 (tylko w piątki), 18:00	http://archwwa.pl/parafie/warszawa-niepokalanego-poczecia-nmp/
Warszawa. NMP Królowej Świata | Archidiecezja Warszawska	http://nmpkrolowaswiata.pl/	7:00, 8:00, 9:15, 10:30, 11:15 (poza wakacjami -Dolny Kościół), 12:00, 13:15 (poza wakacjami), 18:30, 20:00	6:15 (poza wakacjami), 7:00, 8:00, 17:30, 18:30	http://archwwa.pl/parafie/warszawa-nmp-krolowej-swiata/
Warszawa. NMP Królowej Wyznawców na Siekierkach | Archidiecezja Warszawska	http://www.sanktuarium-pijarzy.pl	8:00, 9:30, 11:00, 13:00, 18:00	7:30 (w kaplicy), 18:00	http://archwwa.pl/parafie/warszawa-nmp-krolowej-wyznawcow-na-siekierkach/
Warszawa. NMP Matki Kościoła | Archidiecezja Warszawska	http://www.domaniewska.pl	7:00, 8:30, 10:00, 11:30 (dla dzieci), 13:00, 19:00, 21:00	7:00, 9:00, 19:00	http://archwwa.pl/parafie/warszawa-nmp-matki-kosciola/
Warszawa. NMP Matki Miłosierdzia | Archidiecezja Warszawska	http://www.stegny.marianie.pl/	7:00, 8:30, 10:00 (suma), 11:30 (dla dzieci), 11:30 (dla dzieci przedszkolnych, Dolny Kościół), 13:00, 18:00, 19:30 (dla młodzieży i studentów)	6:30, 7:00, 8:30, 18:00	http://archwwa.pl/parafie/warszawa-nmp-matki-milosierdzia/
Warszawa. NMP Matki Zbawiciela | Archidiecezja Warszawska	http://www.warszawa.sds.pl	7:00, 8:30, 10:00 (suma), 11:30 (dla dzieci, poza wakacjami), 13:00, 18:30, 20:00 (akademicka, poza wakacjami)	7:00, 8:00 (poza wakacjami), 18:30	http://archwwa.pl/parafie/warszawa-nmp-matki-zbawiciela/
Warszawa. Ofiarowania Pańskiego | Archidiecezja Warszawska	http://www.ofiarowaniepanskie.pl	7:00, 8:00, 9:30 (suma), 11:00 (dla dzieci), 12:30,  18:00 (młodzieżowa), 20:00	7:00, 8:00 (w 1-wsze soboty miesiąca Msza o Niepokalanym Sercu Najświętszej Maryi Panny), 18:00, 19:00	http://archwwa.pl/parafie/warszawa-ofiarowania-panskiego-na-wyzynach/
Warszawa. Opatrzności Bożej na Ochocie | Archidiecezja Warszawska	http://www.opatrznoscboza.waw.pl	7:00, 8:00, 9:15, 10:30, 12:00, 13:15 (poza wakacjami), 18:00 (w wakacje - 19:00)	6:30 (poza wakacjami), 7:00, 8:00, 18:00, w wakacje - 19:00	http://archwwa.pl/parafie/warszawa-opatrznosci-bozej-na-ochocie/
Warszawa. Podwyższenia Krzyża Świętego | Archidiecezja Warszawska	http://www.parafia-jelonki.pl	7:00, 8:30, 10:00, 11:30 (dla dzieci), 13:00 (poza wakacjami), 18:00, 19:15 (poza wakacjami, akademicka)	6:30 (poza wakacjami), 7:15, 18:00	http://archwwa.pl/parafie/warszawa-podwyzszenia-krzyza-swietego/
Warszawa. Posłania Uczniów Pańskich | Archidiecezja Warszawska	http://www.poslanieuczniow.waw.pl	9:00, 11:00	18:00	http://archwwa.pl/parafie/warszawa-poslania-uczniow-panskich/
Warszawa. Św. Aleksandra | Archidiecezja Warszawska	http://www.swaleksander.pl	KOŚCIÓŁ GÓRNY: 7.00 (po Mszy św. – Godzinki o Niepokalanym Poczęciu N.M.P.) 8.30 10.00 – Suma Parafialna (Wypominki roczne – godz. 9.40) 11.30 13.00 16.00 19.00 (Nieszpory i nabożeństwo różańcowe – godz. 18.00); KOŚCIÓŁ DOLNY:	6.30 7.00 7.30 8.00 9.00 16.00 19.00	http://archwwa.pl/parafie/warszawa-sw-aleksandra/
Warszawa. Św. Alojzego Orione | Archidiecezja Warszawska	http://www.parafiaorione.rel.pl	7:00, 8:30, 10:00, 11:30, 13:00, 18:00	6:15, 7:00, 8:00, 18:00	http://archwwa.pl/parafie/warszawa-sw-alojzego-orione/
Warszawa. Św. Andrzeja Apostoła | Archidiecezja Warszawska	http://www.parafiaandrzeja.pl	7:00, 8:30, 10:00, 11:30 - Msza z udziałem rodziców z dziećmi, 13:00, 18:00	6:30, 8:00, 9:00, 18:00	http://archwwa.pl/parafie/warszawa-sw-andrzeja-apostola/
Warszawa. Św. Anny w Wilanowie | Archidiecezja Warszawska	http://www.parafiawilanow.pl	7:00, 8:30, 10:00, 11:30 (dla dzieci), 13:00, 18:00 (młodzieżowa), 20:00 (akademicka)	7:00, 12:00 (w piątki i soboty), 17:00, 18:00	http://archwwa.pl/parafie/warszawa-sw-anny-w-wilanowie/
Warszawa. Św. Antoniego Marii Zaccarii | Archidiecezja Warszawska	http://www.parafiabarnabici.pl	7:00, 9:00, 11:00, 12:30, 16 (dla dzieci z dysfunkcjami),  17:00, 19:00	7:00, 8:00 (oprócz sobót- w soboty o 12:00), 18:00	http://archwwa.pl/parafie/warszawa-sw-antoniego-marii-zaccarii/
Warszawa. Św. Antoniego z Padwy | Archidiecezja Warszawska	http://www.swietyantoni.com.pl	7:00 , 8:00, 9:30, 11:00, 12:30, 18:00	6:30, 7:00, 8:00, 18:00	http://archwwa.pl/parafie/warszawa-sw-antoniego-z-padwy/
Warszawa. Św. Augustyna na Muranowie | Archidiecezja Warszawska	http://www.swaugustyn.pl	7:00, 8:30, 10:00, 11:30 (dla dzieci), 13:00, 18:30, 19:45 (młodzieżowa)	7:00, 8:00, 9:00, 18:30	http://archwwa.pl/parafie/warszawa-sw-augustyna-na-muranowie/
Warszawa. Św. Barbary | Archidiecezja Warszawska	http://www.swbarbara.warszawa.pl	7:00, 8:30, 10:00, 11:30, 13:00, 19:00	6:30, 7:30 (poza wakacjami), 8:00, 15:00 (poza wakacjami), 18:00	http://archwwa.pl/parafie/warszawa-sw-barbary/
Warszawa. Św. Bonifacego | Archidiecezja Warszawska	http://www.bernardyni.net	7:00 (Kościół zabytkowy), 8:30, 10:00, 11:30 (dla dzieci), 13:00 (suma), 18:00 (w wakacje o godz: 19:00)	6:30, 8:00, 18:30	http://archwwa.pl/parafie/warszawa-sw-bonifacego/
Warszawa. Św. Elżbiety | Archidiecezja Warszawska	http://www.parafia-powsin.pl	7:00, 9:00, 10:30 (dla dzieci), 12:00 (suma), 18:00	7:00, 18:00	http://archwwa.pl/parafie/warszawa-sw-elzbiety/
Warszawa. Św. Franciszka z Asyżu | Archidiecezja Warszawska	http://www.franciszek-okecie.pl	7:00, 8:30, 10:00, 10:00 (młodzieżowa, Dolny Kościół), 11:15 (dla dzieci, Dolny Kościół), 11:30, 13:00, 18:00	6:30, 8:00, 17:30, 18:00 (w sobotę o godz. 18:30)	http://archwwa.pl/parafie/warszawa-sw-franciszka-z-asyzu/
Warszawa. Św. Grzegorza Wielkiego | Archidiecezja Warszawska	http://www.parafiaswgrzegorza.waw.pl	7:00, 8:30, 11:00, 12:30 (poza wakacjami), 18:00	8:00, 18:00	http://archwwa.pl/parafie/warszawa-sw-grzegorza-wielkiego/
Warszawa. Św. Ignacego Loyoli | Archidiecezja Warszawska	http://www.ignacyloyola.pl	8:30, 10:00, 11:30, 13:00, 18:00	18:00	http://archwwa.pl/parafie/warszawa-sw-ignacego-loyoli/
Warszawa. Św. Jakuba Apostoła na Ochocie | Archidiecezja Warszawska	http://www.parafiajakuba.pl	7:00, 8:00, 9:00, 10:15, 11:30, 13:00, 17:00, 19:00 (akademicka)	6:00, 7:00, 8:00, 9:00, 17:00, 19:00	http://archwwa.pl/parafie/warszawa-sw-jakuba-apostola-na-ochocie/
Warszawa. Św. Jana Apostoła i Ewangelisty | Archidiecezja Warszawska	http://www.swjana.pl	7:30, 9:00, 10:30, 12:00, 18:00	7:00, 18:00	http://archwwa.pl/parafie/warszawa-sw-jana-apostola-i-ewangelisty/
Warszawa. Św. Jana Kantego w Sadach Żoliborskich | Archidiecezja Warszawska	http://www.jankanty.warszawa.pl	7:00, 8:00, 9:00 (poza wakacjami), 10:00, 11:00 (dla dzieci), 12:00, 13:00, 14:00 (poza wakacjami), 18:30	6:30 (poza wakacjami), 7:00, 7:30 (poza wakacjami), 8:00, 18:30	http://archwwa.pl/parafie/warszawa-sw-jana-kantego-w-sadach-zoliborskich/
Warszawa. Św. Jana Pawła II | Archidiecezja Warszawska	http://jp2.warszawa.pl/	8:30; 10:00; 11:30; 13:00, 19:00, 21:00	7:00 (w Adwencie roraty o 6:30); 18:30	http://archwwa.pl/parafie/parafia-sw-jana-pawla-ii/
Warszawa. Św. Jozafata na Powązkach | Archidiecezja Warszawska		8:00, 9:30, 11:00, 12:30, 17:00	7:30, 18:00	http://archwwa.pl/parafie/sw-jozafata-na-powazkach/
Warszawa. Św. Józefa Oblubieńca NMP na Kole | Archidiecezja Warszawska	http://www.swjozef.pl	6:30, 8:00, 9:00 (młodzieżowa), 10:15, 11:30 (dla dzieci), 13:00, 19:00 (akademicka)	6:30, 7:00, 8:00, 15:00 (w piątek), 18:00, 19:00	http://archwwa.pl/parafie/warszawa-sw-jozefa-oblubienca-nmp-na-kole/
Warszawa. Św. Józefa Oblubieńca NMP w Ursusie | Archidiecezja Warszawska	http://www.swjozefa.pl	6:30, 8:00, 9:30, 11:00 (dla przedszkolaków, Dolny Kościół, od połowy września), 11:00 (dla dzieci), 12:30, 16:00 (od połowy września), 18:00	6:30, 7:00, 7:30, 8:00, 18:00	http://archwwa.pl/parafie/warszawa-sw-jozefa-oblubienca-nmp-w-ursusie/
Warszawa. Św. Karola Boromeusza na Powązkach | Archidiecezja Warszawska	http://www.parafia-starepowazki.pl	8:00, 9:30, 11:00, 12:30, 17:30, 20:00	8:00,  17:30	http://archwwa.pl/parafie/sw-karola-boromeusza-na-powazkach/
Warszawa. Św. Katarzyny | Archidiecezja Warszawska	http://www.swkatarzyna.eu/	8:00, 9:30, 11:00, 12:30, 18:00	7:00, 17:30 (poza wakacjami), 18:00	http://archwwa.pl/parafie/sw-katarzyny-na-sluzewie/
Warszawa. Św. Kazimierza | Archidiecezja Warszawska	http://www.parafiakazimierz.waw.pl	6:30, 8:00, 9:30, 11:00, 11:00, 12:30, 19:00	7:00, 8:00, 18:00	http://archwwa.pl/parafie/warszawa-sw-kazimierza/
Warszawa. Św. Klemensa Hofbauera na Woli | Archidiecezja Warszawska	http://www.swietyklemens.pl	6:30, 8:00, 9:30, 11:00, 12:30, 18:30, 20:00        Msza Święta w  rycie trydenckim w niedzielę i święta o godz. 14  http://www.mszatrydencka.waw.pl/	6:30, 7:30, 8:30, 15:00 (piątek), 18:30    Msza Święta w  rycie trydenckim  w dni powszednie wg ogłoszeń  http://www.mszatrydencka.waw.pl/	http://archwwa.pl/parafie/sw-klemensa-hofbauera-na-woli/
Warszawa. Św. Krzysztofa | Archidiecezja Warszawska	http://www.sw-krzysztof.waw.pl	9:00, 11:00, 12:15, 17:00	8:00, 18:00	http://archwwa.pl/parafie/warszawa-sw-krzysztofa/
Warszawa. Św. Łukasza Ewangelisty | Archidiecezja Warszawska	http://www.swlukasz.waw.pl	7:00, 8:30, 10:00, 11:30, 13:00, 16:00, 18:00, 20:00	7:00, 7:30, 18:00	http://archwwa.pl/parafie/warszawa-sw-lukasza-ewangelisty/
Warszawa. Św. Maksymiliana Kolbego | Archidiecezja Warszawska	http://www.parafia-maksymilian.waw.pl	8:00, 9:30, 11:00, 12:30, 17:30 (poza wakacjami), 19:00	7:00, 10:00 (poza wakacjami), 19:00	http://archwwa.pl/parafie/warszawa-sw-maksymiliana-kolbego/
Warszawa. Św. Marii Magdaleny | Archidiecezja Warszawska	http://www.swmariamagdalena.pl	7:00, 8:30, 10:00, 11:30 (dla dzieci), 13:00, 18:00	7:00, 7:30, 17:30 (poza wakacjami), 18:00	http://archwwa.pl/parafie/warszawa-sw-marii-magdaleny/
Warszawa. Św. Michała Archanioła | Archidiecezja Warszawska	http://www.parafiamichal.waw.pl/	7:00, 9:00, 10:30, 10:30 (poza wakacjami - dla dzieci, Dolny Kościół), 12:00, 13:00, 18:00, 20:00	6:30 (poza wakacjami), 8:00, 9:00 (poza wakacjami), 18:00, 19:00	http://archwwa.pl/parafie/warszawa-sw-michala-archaniola/
Warszawa. Św. Ojca Pio | Archidiecezja Warszawska	http://www.opio.pl	7:30, 9:00, 10:30 (dla dzieci), 11:45 (suma), 13:00 (dla dzieci), 15:00 (poza wakacjami), 18:30 (młodzieżowa), 20:00	7:00, 8:00, 19:00	http://archwwa.pl/parafie/sw-ojca-pio-na-moczydle/
Warszawa. Św. Stanisława Biskupa i Męczennika na Woli | Archidiecezja Warszawska	http://www.stanislaw-bm.pl	7:00, 8:00, 9:30, 11:00 (dla dzieci), 12:30, 18:00 (młodzieżowa)	6:30, 7:30, 18:00	http://archwwa.pl/parafie/sw-stanislawa-biskupa-i-meczennika-na-woli/
Warszawa. Św. Stefana Króla Wyznawcy | Archidiecezja Warszawska	http://www.swstefan.pl	7:00, 8:30, 10:00 (suma), 11:30 (dla dzieci), 13:00, 17:00, 19:00	6:30, 8:00, 17:30, 18:00	http://archwwa.pl/parafie/warszawa-sw-stefana-krola-wyznawcy/
Warszawa. Św. Szczepana | Archidiecezja Warszawska	http://www.szczepan.waw.pl	Dla ogółu parafian: 7.00, 8.00, 9.30, 17.00. Suma w intencji parafian: 12.30. Dla dzieci: 11.00. (Msza w języku hiszpańskim: 10.45 (w domu parafialnym) Dla przedszkolaków: 12.15 (w domu parafialnym). Dla młodzieży: 18.30. Dla studentów: 20.00.	7.00, 7.30, 8.00, 18.30	http://archwwa.pl/parafie/warszawa-sw-szczepana/
Warszawa. Św. Tadeusza Apostoła | Archidiecezja Warszawska	http://www.parafia-sadyba.pl	7:30, 9:30, 11:00 (dla dzieci), 11:00 (dla przedszkolaków, Dolny Kościół), 12:30, 18:00, 20:00	7:00, 7:30 (poza wakacjami), 8:00 (we wtorki w kaplicy św. Tadeusza, (poza wakacjami), 17:30 (poza wakacjami, poza sobotą), 18:00	http://archwwa.pl/parafie/warszawa-sw-tadeusza-apostola/
Warszawa. Św. Teresy od Dzieciątka Jezus | Archidiecezja Warszawska	http://www.parafianatamce.waw.pl/NOWA/index.html	7:00, 8:30, 10:00, 11:30 (z udziałem dzieci), 13:00 oraz 18:00	7:00, 8:00 oraz 18:00	http://archwwa.pl/parafie/warszawa-sw-teresy-od-dzieciatka-jezus/
Warszawa. Św. Teresy od Dzieciątka Jezus i Męczenników Rzymskich | Archidiecezja Warszawska	http://www.swietateresa.pl	7:30, 9:30, 11:00 (z udziałem rodzin i dzieci), 12:30, 18:00 (z udziałem młodzieży i studentów)	6:30 (poza okresem wakacyjnym), 7:15, 8:00 (poza okresem wakacyjnym), 18:00; Msze św. w soboty: 7:30, 8:00, 18:00 (liturgia niedzielna) i 19:00 (liturgia niedzielna z udziałem wspólnot Drogi Neokatechumenalnej w kaplicy św. Łazarza).	http://archwwa.pl/parafie/warszawa-sw-teresy-od-dzieciatka-jezus-i-meczennikow-rzymskich/
Warszawa. Św. Tomasza Apostoła | Archidiecezja Warszawska	http://www.parafiaswtomasza.pl	7.30, 9.00, 10.30 (dla dzieci), 12.00 (suma), 13.15 (chrzcielna), 17.00, 19.00 (młodzieżowa), 20.30 (studencka)	6.30 (w adwencie - roraty o godz. 6.00), 7.00, 8.00 (poza wakacjami), 17.00 (tylko w 1 piątek miesiąca), 19.00	http://archwwa.pl/parafie/sw-tomasza-apostola-na-imielinie/
Warszawa. Św. Wawrzyńca na Reducie Wolskiej | Archidiecezja Warszawska	http://www.wawrzyniec.waw.pl	9:00, 11:00, 12:15 (dla dzieci), 13:30,  17:30	17:30	http://archwwa.pl/parafie/sw-wawrzynca-na-ulrychowie/
Warszawa. Św. Wojciecha na Woli | Archidiecezja Warszawska	http://www.swiety-wojciech.pl/aktualnosci.html	7:00, 8:30, 10:00, 11:30, 13:00, 19:00	6:30, 7:00, 8:00, 18:00	http://archwwa.pl/parafie/sw-wojciecha-na-woli/
Warszawa. Św. Zofii Barat | Archidiecezja Warszawska	http://www.swzofia.warszawa.opoka.org.pl	8:00, 9:30, 11:00, 12:30, 17:00	7:00 (wtorek, czwartek, sobota, poza wakacjami), 17:30 (poniedziałek, środa, piątek, poza wakacjami), 18:00	http://archwwa.pl/parafie/sw-zofii-barat-w-grabowie/
Warszawa. Św. Zygmunta | Archidiecezja Warszawska	http://swzygmunt.pl	7:00, 8:30, 10:00, 11:30 (dla dzieci), 11:30 (młodzieżowa, dolny kościół, poza wakacjami), 13:00 (suma), 17:30, 19:00 (akademicka), w miesiącach V-VIII o 20:00	6:30, 8:00, 9:00, 18:00, 19:00	http://archwwa.pl/parafie/warszawa-sw-zygmunta/
Warszawa. Świętej Rodziny | Archidiecezja Warszawska	http://swrodzina.pl/Strony/ogloszenia.html	7.30, 9.00, 10.30 - dla dzieci starszych z rodzicami, 12.00, 16.00 - dla dzieci do 7 roku życia z rodzicami, 18.00, 19.30 - z udziałem młodzieży	8:00, 18:00	http://archwwa.pl/parafie/warszawa-swietej-rodziny/
Warszawa. Świętej Trójcy | Archidiecezja Warszawska	http://www.trinitas.pl	7:30, 9:00, 10:30, 10:30 (poza wakacjami, dla dzieci, Kaplica), 12:00 (suma), 12:00 (w. j. hiszpańskim, Kaplica - wakacje), 18:00, 21:00	7:00, 8:00, 18:00	http://archwwa.pl/parafie/warszawa-swietej-trojcy/
Warszawa. Świętych Apostołów Piotra i Pawła | Archidiecezja Warszawska	http://www.parafiapyry.pl	7:30, 9:00, 11:00, 12:30, 18:00	7:30, 18:00	http://archwwa.pl/parafie/swietych-apostolow-piotra-i-pawla-w-pyrach/
Warszawa. Świętych Rafała i Alberta na Rudzie | Archidiecezja Warszawska	http://www.gwiazdzista17.pl	7:30, 9:00, 10:30, 12:00, 18:00, 20:00	7:00, 9:00, 18:00, 19:00	http://archwwa.pl/parafie/swietych-rafala-i-alberta-na-rudzie/
Warszawa. Wniebowstąpienia Pańskiego | Archidiecezja Warszawska	http://www.wniebowstapienie.pl/	6:30, 8:00, 9:30, 11:00 (dla dzieci), 12:30 (suma), 14:00 (chrzcielna), 18:00, 19:30	6:30 (poza okresem wakacyjnym), 7:00, 7:30, 8:00 (poza okresem wakacyjnym), 18:00	http://archwwa.pl/parafie/wniebowstapienia-panskiego-na-stoklosach/
Warszawa. Zesłania Ducha Świętego na Słodowcu | Archidiecezja Warszawska	http://www.zeslaniaducha.pl/	7:00, 8:30, 10:00, 11:30 (z udziałem dzieci), 13:00, 18:00, 20:00	7:00, 7:30, 8:00, 8:30, 17:00, 18:30	http://archwwa.pl/parafie/zeslania-ducha-swietego-na-slodowcu/
Warszawa. Zwiastowania Pańskiego | Archidiecezja Warszawska	http://www.zwiastowaniepanskie.pl	07:00, 08:30, 09:30 (dla dzieci, Dolny Kościół), 10:00, 11:00 (młodzieżowa, Dolny Kościół), 11:30, 13:00, 18:30, 20:00	07:00, 08:00 (poza wakacjami), 18:30, 19:15 (poza sobotą)	http://archwwa.pl/parafie/warszawa-zwiastowania-panskiego/
Werdun. Świętego Ducha | Archidiecezja Warszawska		9:00, 11:00	13:00 (w okresie zimowym - g. 16:00)	http://archwwa.pl/parafie/werdun-swietego-ducha/
Wiersze. Niepokalanego Serca NMP | Archidiecezja Warszawska	http://www.parafiawiersze.pl	9:00, 12:00	17:00	http://archwwa.pl/parafie/wiersze-niepokalanego-serca-nmp/
Worów. Najświętszego Serca Pana Jezusa | Archidiecezja Warszawska	http://www.parafiaworow.pl	8:30, 10:00 (Głuchów), 12:00, 17:00	17:00	http://archwwa.pl/parafie/worow-najswietszego-serca-pana-jezusa/
Wrociszew. Św. Małgorzaty DM | Archidiecezja Warszawska		9:00, 10:30, 12:00 (dane niepotwierdzone)	8:00, 8:30 (dane niepotwierdzone)	http://archwwa.pl/parafie/wrociszew-sw-malgorzaty-dm/
Żabieniec. Św. Jadwigi Królowej | Archidiecezja Warszawska		9:00, 11:00, 17:00	W tygodniu: poniedziałek, środa, piątek, sobota o godz. 17.00, wtorek i czwartek o godz. 8.00	http://archwwa.pl/parafie/zabieniec-sw-jadwigi-krolowej/
Zaborów. Nawiedzenia NMP | Archidiecezja Warszawska	http://www.parafia-zaborow.pl	8:00, 10:00, 12:00, 17:00	16:00- w okresie styczeń- luty	http://archwwa.pl/parafie/zaborow-nawiedzenia-nmp/
Zalesie Górne. Św. Huberta | Archidiecezja Warszawska	http://www.parafia-zalesie.pl	9:00, 11:00 (dla dzieci), 12:30 (suma), 18:00 (młodzieżowa)	7:15, 18:00	http://archwwa.pl/parafie/zalesie-gorne-sw-huberta/
Zawady. Św. Doroty DM | Archidiecezja Warszawska		9:00, 12:00 (dane niepotwierdzone)	17:00 (w wakacje o godz. 18:00) (dane niepotwierdzone)	http://archwwa.pl/parafie/zawady-sw-doroty-dm/
Zbrosza Duża. Św. Jana Chrzciciela | Archidiecezja Warszawska	http://www.zbroszaduza.mkw.pl	9:00, 10:30 (w Olszamach), 12:00	18:00 (w okresie zimowym - g. 17:00)	http://archwwa.pl/parafie/zbrosza-duza-sw-jana-chrzciciela/
Złotokłos. Matki Bożej Łaskawej | Archidiecezja Warszawska	http://www.parafiazlotoklos.net	9:00, 10:30, 12:00, 18:00	18:00	http://archwwa.pl/parafie/zlotoklos-matki-bozej-laskawej/
Żuków. Przemienienia Pańskiego | Archidiecezja Warszawska		9:00, 11:00 (kaplica w Kłudnie Starym), 13:00 - dane niesprawdzone	8:00 (wtorek, środa, czwartek), 10:00 (poniedziałek, kaplica w Domu Starców), 18:00 (piątek, sobota) - dane niesprawdzone	http://archwwa.pl/parafie/zukow-przemienienia-panskiego/
